timestamp,team_name,question_ids,scores
2025-01-17 16:29:36.422142,Codex Calixtinus,"[0, 45, 4, 46, 27, 28, 11, 10, 19, 2, 49, 41, 44, 17, 47, 8, 18]","[1, 0, 0, 0, 0, 1, 4, 0, 3, 2, 0, 0, 0, 2, 4, 1, 2]"
2025-01-17 16:29:36.444021,Test Solution Bees Ignore,"[0, 45, 4, 46, 27, 28, 11, 10, 19, 2, 49, 41, 44, 17, 47, 8, 18]","[0, 0, 0, 0, 0, 0, 1, 0, 0, 5, 0, 0, 0, 4, 0, 0, 1]"
2025-01-17 16:29:36.460875,Frumious Bandersnatch,"[0, 45, 4, 46, 27, 28, 11, 10, 19, 2, 49, 41, 44, 17, 47, 8, 18]","[1, 0, 0, 0, 1, 4, 0, 0, 0, 5, 0, 0, 0, 1, 2, 3, 4]"
2025-01-17 16:29:36.482521,Setec Astronomy,"[0, 45, 4, 46, 27, 28, 11, 10, 19, 2, 49, 41, 44, 17, 47, 8, 18]","[1, 2, 0, 0, 0, 0, 5, 2, 4, 5, 5, 0, 0, 4, 5, 3, 1]"
2025-01-17 16:29:36.498958,Eradication & Chaos @ r/PictureGame,"[0, 45, 4, 46, 27, 28, 11, 10, 19, 2, 49, 41, 44, 17, 47, 8, 18]","[3, 0, 0, 0, 3, 2, 0, 0, 4, 0, 0, 0, 0, 1, 5, 0, 0]"
2025-01-17 16:29:36.5184,Math and Vehem,"[0, 45, 4, 46, 27, 28, 11, 10, 19, 2, 49, 41, 44, 17, 47, 8, 18]","[5, 0, 1, 1, 3, 0, 1, 0, 0, 3, 0, 1, 0, 0, 0, 0, 1]"
2025-01-17 16:29:36.533553,The Team That Is Now Named Later,"[0, 45, 4, 46, 27, 28, 11, 10, 19, 2, 49, 41, 44, 17, 47, 8, 18]","[1, 3, 1, 0, 0, 5, 5, 0, 5, 5, 0, 0, 0, 2, 2, 0, 0]"
2025-01-17 17:33:22.717522,Hunches in Bunches,"[34, 46, 25, 15, 47, 36, 13, 51, 8, 33, 5, 14, 41, 19, 6, 24, 22]","[2, 0, 2, 2, 0, 0, 2, 0, 3, 1, 4, 0, 0, 4, 0, 1, 0]"
2025-01-17 17:33:22.738684,Test Solution Bees Ignore,"[34, 46, 25, 15, 47, 36, 13, 51, 8, 33, 5, 14, 41, 19, 6, 24, 22]","[1, 0, 0, 2, 0, 0, 5, 5, 2, 0, 3, 0, 0, 3, 4, 1, 4]"
2025-01-17 17:33:22.763698,ET Phone in Answer,"[34, 46, 25, 15, 47, 36, 13, 51, 8, 33, 5, 14, 41, 19, 6, 24, 22]","[0, 1, 0, 2, 0, 1, 4, 3, 3, 1, 3, 0, 0, 4, 1, 4, 2]"
2025-01-17 17:33:22.787576,Eradication & Chaos @ r/PictureGame,"[34, 46, 25, 15, 47, 36, 13, 51, 8, 33, 5, 14, 41, 19, 6, 24, 22]","[1, 4, 0, 4, 4, 2, 1, 5, 3, 1, 0, 0, 5, 5, 0, 4, 0]"
2025-01-17 17:33:22.813182,Math and Vehem,"[34, 46, 25, 15, 47, 36, 13, 51, 8, 33, 5, 14, 41, 19, 6, 24, 22]","[1, 0, 0, 5, 0, 0, 1, 0, 0, 1, 0, 1, 0, 4, 2, 2, 0]"
2025-01-17 17:33:22.833328,Frumious Bandersnatch,"[34, 46, 25, 15, 47, 36, 13, 51, 8, 33, 5, 14, 41, 19, 6, 24, 22]","[0, 3, 1, 5, 0, 1, 2, 2, 5, 0, 3, 0, 0, 5, 0, 0, 0]"
2025-01-17 18:25:55.350265,Math and Vehem,"[38, 0, 5, 44, 42, 45, 32, 47, 7, 37, 16, 21, 8, 22, 18, 48, 14]","[0, 5, 0, 1, 0, 1, 5, 5, 0, 0, 0, 0, 3, 0, 1, 3, 0]"
2025-01-17 18:25:55.368145,The Team That Is Now Named Later,"[38, 0, 5, 44, 42, 45, 32, 47, 7, 37, 16, 21, 8, 22, 18, 48, 14]","[0, 5, 0, 3, 0, 0, 0, 1, 3, 0, 0, 1, 1, 1, 1, 0, 2]"
2025-01-17 19:35:54.476478,The Team Formerly Known as the Team Formerly Known as the Team Formerly Known as the Team Formerly Known as the Team Formerly Known as the Team Formerly Known as The Team To Be Named Later,"[22, 37, 44, 27, 30, 14, 16, 0, 18, 34, 23, 10, 25, 1, 6, 46, 20]","[3, 2, 0, 0, 0, 0, 3, 1, 0, 0, 5, 0, 0, 0, 4, 0, 4]"
2025-01-17 19:35:54.492632,ET Phone in Answer,"[22, 37, 44, 27, 30, 14, 16, 0, 18, 34, 23, 10, 25, 1, 6, 46, 20]","[4, 0, 0, 0, 4, 0, 0, 0, 2, 3, 0, 0, 1, 3, 3, 0, 0]"
2025-01-17 19:35:54.510395,Literally Animal Farm,"[22, 37, 44, 27, 30, 14, 16, 0, 18, 34, 23, 10, 25, 1, 6, 46, 20]","[3, 0, 0, 3, 0, 0, 0, 1, 2, 3, 0, 0, 0, 0, 2, 0, 0]"
2025-01-17 19:35:54.534368,Ange Management,"[22, 37, 44, 27, 30, 14, 16, 0, 18, 34, 23, 10, 25, 1, 6, 46, 20]","[1, 0, 0, 0, 1, 0, 0, 1, 0, 1, 0, 0, 2, 0, 0, 0, 0]"
2025-01-17 20:42:04.624996,ÂñµÂñµÂñµ,"[38, 32, 53, 40, 25, 26, 10, 30, 18, 28, 7, 21, 14, 12, 51, 42, 35]","[0, 0, 0, 0, 0, 0, 0, 0, 1, 5, 1, 1, 0, 0, 0, 0, 0]"
2025-01-17 20:42:04.649007,Sorting By Every Column Until Morale Improves,"[38, 32, 53, 40, 25, 26, 10, 30, 18, 28, 7, 21, 14, 12, 51, 42, 35]","[0, 5, 0, 4, 1, 0, 0, 2, 1, 0, 0, 4, 0, 0, 0, 0, 0]"
2025-01-17 20:42:04.669185,Hunches in Bunches,"[38, 32, 53, 40, 25, 26, 10, 30, 18, 28, 7, 21, 14, 12, 51, 42, 35]","[0, 1, 0, 5, 3, 5, 0, 0, 1, 0, 0, 0, 5, 3, 0, 0, 1]"
2025-01-17 20:42:04.68913,Ange Management,"[38, 32, 53, 40, 25, 26, 10, 30, 18, 28, 7, 21, 14, 12, 51, 42, 35]","[0, 2, 0, 0, 1, 0, 0, 0, 4, 0, 0, 1, 0, 0, 0, 0, 0]"
2025-01-17 20:42:04.711775,Literally Animal Farm,"[38, 32, 53, 40, 25, 26, 10, 30, 18, 28, 7, 21, 14, 12, 51, 42, 35]","[0, 1, 0, 5, 0, 5, 1, 2, 1, 5, 0, 0, 3, 0, 5, 1, 1]"
2025-01-17 20:42:04.731733,All the World's a Rage,"[38, 32, 53, 40, 25, 26, 10, 30, 18, 28, 7, 21, 14, 12, 51, 42, 35]","[0, 0, 0, 0, 1, 5, 0, 0, 2, 3, 0, 2, 0, 3, 0, 1, 0]"
2025-01-17 20:42:04.755437,‚õé UNICODE EQUIVALENCE,"[38, 32, 53, 40, 25, 26, 10, 30, 18, 28, 7, 21, 14, 12, 51, 42, 35]","[0, 0, 0, 0, 0, 0, 1, 0, 0, 4, 0, 0, 0, 1, 0, 0, 0]"
2025-01-17 20:42:04.776899,Left Out,"[38, 32, 53, 40, 25, 26, 10, 30, 18, 28, 7, 21, 14, 12, 51, 42, 35]","[0, 5, 0, 0, 0, 4, 2, 0, 1, 0, 0, 4, 1, 3, 1, 2, 0]"
2025-01-17 21:36:00.594622,ü¶¶ü™∑ü™∫,"[4, 54, 41, 51, 31, 23, 7, 17, 34, 21, 3, 29, 47, 20, 22, 45, 42]","[0, 0, 0, 4, 4, 5, 0, 3, 4, 4, 3, 1, 1, 5, 1, 0, 0]"
2025-01-17 21:36:00.617686,"Immoral, Illegal & Fattening","[4, 54, 41, 51, 31, 23, 7, 17, 34, 21, 3, 29, 47, 20, 22, 45, 42]","[0, 0, 0, 0, 2, 0, 0, 0, 2, 4, 0, 2, 1, 3, 0, 0, 1]"
2025-01-17 21:36:00.638115,Literally Animal Farm,"[4, 54, 41, 51, 31, 23, 7, 17, 34, 21, 3, 29, 47, 20, 22, 45, 42]","[0, 0, 0, 0, 1, 0, 1, 4, 3, 2, 5, 0, 0, 5, 4, 1, 0]"
2025-01-17 21:36:00.656794,Ange Management,"[4, 54, 41, 51, 31, 23, 7, 17, 34, 21, 3, 29, 47, 20, 22, 45, 42]","[0, 0, 0, 0, 0, 0, 0, 0, 0, 4, 2, 1, 5, 0, 0, 0, 0]"
2025-01-17 21:36:00.678037,Society of Enigmatic Spirits,"[4, 54, 41, 51, 31, 23, 7, 17, 34, 21, 3, 29, 47, 20, 22, 45, 42]","[1, 0, 0, 5, 4, 0, 5, 2, 0, 1, 0, 3, 0, 5, 0, 0, 0]"
2025-01-17 21:36:00.696449,All the World's a Rage,"[4, 54, 41, 51, 31, 23, 7, 17, 34, 21, 3, 29, 47, 20, 22, 45, 42]","[0, 0, 0, 0, 4, 0, 0, 0, 0, 0, 1, 0, 0, 5, 2, 3, 0]"
2025-01-17 22:29:50.58946,Left Out,"[24, 14, 54, 12, 11, 6, 10, 17, 18, 39, 47, 40, 0, 19, 36, 25, 42]","[1, 5, 0, 0, 4, 4, 0, 0, 1, 0, 0, 0, 0, 0, 0, 0, 0]"
2025-01-17 22:29:50.614861,Up Late,"[24, 14, 54, 12, 11, 6, 10, 17, 18, 39, 47, 40, 0, 19, 36, 25, 42]","[0, 1, 2, 1, 4, 0, 0, 0, 0, 1, 5, 0, 3, 5, 2, 0, 1]"
2025-01-17 22:29:50.635737,Sorting By Every Column Until Morale Improves,"[24, 14, 54, 12, 11, 6, 10, 17, 18, 39, 47, 40, 0, 19, 36, 25, 42]","[0, 2, 2, 0, 4, 0, 0, 0, 0, 0, 0, 0, 0, 0, 0, 0, 0]"
2025-01-17 22:29:50.655663,Ange Management,"[24, 14, 54, 12, 11, 6, 10, 17, 18, 39, 47, 40, 0, 19, 36, 25, 42]","[0, 0, 0, 0, 0, 0, 0, 0, 0, 1, 5, 2, 0, 2, 1, 0, 5]"
2025-01-17 23:53:55.658027,Providence Crime Syndication,"[10, 18, 2, 51, 46, 23, 8, 40, 24, 50, 33, 47, 28, 12, 3, 36, 44]","[1, 2, 5, 0, 0, 4, 2, 0, 1, 1, 2, 4, 3, 0, 2, 0, 1]"
2025-01-17 23:53:55.681772,Cardinality,"[10, 18, 2, 51, 46, 23, 8, 40, 24, 50, 33, 47, 28, 12, 3, 36, 44]","[0, 2, 5, 0, 0, 0, 0, 0, 1, 0, 0, 1, 2, 0, 1, 0, 0]"
2025-01-17 23:53:55.710281,teammate,"[10, 18, 2, 51, 46, 23, 8, 40, 24, 50, 33, 47, 28, 12, 3, 36, 44]","[0, 0, 0, 0, 0, 4, 0, 0, 0, 1, 0, 0, 1, 0, 0, 0, 0]"
2025-01-17 23:53:55.73519,NES,"[10, 18, 2, 51, 46, 23, 8, 40, 24, 50, 33, 47, 28, 12, 3, 36, 44]","[1, 2, 3, 0, 0, 5, 1, 2, 0, 0, 2, 1, 3, 1, 1, 5, 0]"
2025-01-17 23:53:55.768496,ET Phone in Answer,"[10, 18, 2, 51, 46, 23, 8, 40, 24, 50, 33, 47, 28, 12, 3, 36, 44]","[1, 0, 0, 0, 0, 4, 3, 2, 4, 2, 4, 0, 2, 0, 0, 5, 0]"
2025-01-17 23:53:55.797337,Up Late,"[10, 18, 2, 51, 46, 23, 8, 40, 24, 50, 33, 47, 28, 12, 3, 36, 44]","[5, 2, 5, 0, 4, 2, 1, 5, 1, 1, 5, 4, 0, 1, 0, 5, 1]"
2025-01-17 23:53:55.823412,Super Team Awesome,"[10, 18, 2, 51, 46, 23, 8, 40, 24, 50, 33, 47, 28, 12, 3, 36, 44]","[0, 1, 5, 0, 0, 3, 2, 1, 1, 4, 0, 4, 0, 1, 2, 0, 0]"
2025-01-17 23:53:55.849029,‚úàÔªø‚úàÔªø‚úà Galactic Trendsetters ‚úàÔªø‚úàÔªø‚úà,"[10, 18, 2, 51, 46, 23, 8, 40, 24, 50, 33, 47, 28, 12, 3, 36, 44]","[0, 2, 2, 0, 0, 5, 3, 1, 1, 2, 1, 4, 0, 0, 3, 0, 0]"
2025-01-17 23:53:55.874192,Sorting By Every Column Until Morale Improves,"[10, 18, 2, 51, 46, 23, 8, 40, 24, 50, 33, 47, 28, 12, 3, 36, 44]","[2, 0, 0, 0, 0, 0, 0, 5, 4, 0, 0, 0, 5, 0, 0, 0, 0]"
2025-01-17 23:53:55.898664,Palindrome,"[10, 18, 2, 51, 46, 23, 8, 40, 24, 50, 33, 47, 28, 12, 3, 36, 44]","[3, 1, 5, 0, 0, 0, 0, 0, 0, 1, 0, 4, 0, 0, 1, 0, 0]"
2025-01-17 23:53:55.92247,Metaphysical Plant,"[10, 18, 2, 51, 46, 23, 8, 40, 24, 50, 33, 47, 28, 12, 3, 36, 44]","[0, 1, 1, 0, 0, 4, 3, 2, 1, 0, 0, 1, 4, 0, 1, 1, 0]"
2025-01-17 23:53:55.945997,Central Services,"[10, 18, 2, 51, 46, 23, 8, 40, 24, 50, 33, 47, 28, 12, 3, 36, 44]","[0, 0, 5, 0, 1, 1, 2, 0, 1, 4, 1, 1, 1, 0, 0, 1, 0]"
2025-01-18 00:43:34.50792,Sorting By Every Column Until Morale Improves,"[28, 0, 31, 47, 22, 5, 25, 36, 44, 20, 4, 15, 17, 50, 32, 30, 27]","[5, 1, 4, 5, 5, 5, 0, 1, 0, 2, 0, 2, 5, 1, 4, 2, 1]"
2025-01-18 00:43:34.529234,ü¶¶ü™∑ü™∫,"[28, 0, 31, 47, 22, 5, 25, 36, 44, 20, 4, 15, 17, 50, 32, 30, 27]","[0, 5, 4, 0, 3, 2, 3, 2, 1, 4, 0, 4, 0, 0, 5, 0, 1]"
2025-01-18 00:43:34.548697,teammate,"[28, 0, 31, 47, 22, 5, 25, 36, 44, 20, 4, 15, 17, 50, 32, 30, 27]","[0, 2, 1, 0, 2, 5, 0, 1, 0, 1, 0, 4, 0, 1, 1, 0, 0]"
2025-01-18 00:43:34.57022,Hunches in Bunches,"[28, 0, 31, 47, 22, 5, 25, 36, 44, 20, 4, 15, 17, 50, 32, 30, 27]","[5, 2, 5, 0, 0, 1, 0, 1, 0, 4, 0, 5, 1, 1, 1, 0, 0]"
2025-01-18 00:43:34.589003,Palindrome,"[28, 0, 31, 47, 22, 5, 25, 36, 44, 20, 4, 15, 17, 50, 32, 30, 27]","[0, 0, 3, 4, 2, 3, 1, 0, 0, 0, 0, 2, 0, 5, 1, 0, 0]"
2025-01-18 00:43:34.610453,ET Phone in Answer,"[28, 0, 31, 47, 22, 5, 25, 36, 44, 20, 4, 15, 17, 50, 32, 30, 27]","[5, 5, 5, 0, 5, 2, 1, 5, 0, 5, 0, 2, 1, 4, 0, 0, 0]"
2025-01-18 00:43:34.628372,‚úàÔªø‚úàÔªø‚úà Galactic Trendsetters ‚úàÔªø‚úàÔªø‚úà,"[28, 0, 31, 47, 22, 5, 25, 36, 44, 20, 4, 15, 17, 50, 32, 30, 27]","[1, 1, 3, 2, 0, 1, 1, 1, 0, 3, 0, 0, 1, 0, 2, 4, 1]"
2025-01-18 08:34:24.001143,Providence Crime Syndication,"[2, 3, 10, 13, 11, 38, 51, 44, 37, 25, 34, 42, 30, 17, 40, 23, 29]","[5, 0, 0, 4, 0, 0, 0, 0, 0, 0, 0, 0, 3, 1, 0, 0, 3]"
2025-01-18 08:34:24.087293,Cardinality,"[2, 3, 10, 13, 11, 38, 51, 44, 37, 25, 34, 42, 30, 17, 40, 23, 29]","[5, 0, 5, 2, 1, 0, 0, 1, 0, 1, 0, 2, 0, 0, 5, 0, 1]"
2025-01-18 08:34:24.1109,"Immoral, Illegal & Fattening","[2, 3, 10, 13, 11, 38, 51, 44, 37, 25, 34, 42, 30, 17, 40, 23, 29]","[0, 5, 0, 1, 0, 0, 0, 0, 0, 0, 5, 5, 0, 5, 0, 0, 2]"
2025-01-18 08:34:24.12984,Codex Calixtinus,"[2, 3, 10, 13, 11, 38, 51, 44, 37, 25, 34, 42, 30, 17, 40, 23, 29]","[5, 0, 0, 2, 0, 0, 0, 5, 0, 0, 2, 2, 0, 2, 0, 0, 0]"
2025-01-18 08:34:24.148852,Waffleha√ºs,"[2, 3, 10, 13, 11, 38, 51, 44, 37, 25, 34, 42, 30, 17, 40, 23, 29]","[4, 0, 0, 2, 0, 0, 5, 0, 0, 0, 0, 1, 0, 4, 1, 2, 1]"
2025-01-18 08:34:24.177221,teammate,"[2, 3, 10, 13, 11, 38, 51, 44, 37, 25, 34, 42, 30, 17, 40, 23, 29]","[1, 0, 0, 2, 5, 0, 0, 0, 0, 0, 0, 1, 0, 0, 5, 3, 1]"
2025-01-18 08:34:24.199359,NES,"[2, 3, 10, 13, 11, 38, 51, 44, 37, 25, 34, 42, 30, 17, 40, 23, 29]","[5, 3, 0, 5, 5, 0, 0, 0, 0, 1, 1, 0, 4, 0, 0, 4, 2]"
2025-01-18 08:34:24.221226,Super Team Awesome,"[2, 3, 10, 13, 11, 38, 51, 44, 37, 25, 34, 42, 30, 17, 40, 23, 29]","[4, 3, 0, 2, 5, 0, 0, 1, 5, 1, 0, 0, 0, 0, 3, 0, 1]"
2025-01-18 09:30:04.730279,‚òÉ,"[37, 53, 31, 43, 11, 46, 16, 25, 4, 13, 34, 18, 7, 28, 50, 8, 40]","[3, 0, 0, 1, 2, 0, 0, 0, 0, 1, 0, 1, 0, 0, 1, 3, 1]"
2025-01-18 09:30:04.751979,Providence Crime Syndication,"[37, 53, 31, 43, 11, 46, 16, 25, 4, 13, 34, 18, 7, 28, 50, 8, 40]","[5, 0, 1, 1, 2, 0, 0, 0, 0, 5, 1, 3, 0, 0, 1, 0, 5]"
2025-01-18 09:30:04.773391,teammate,"[37, 53, 31, 43, 11, 46, 16, 25, 4, 13, 34, 18, 7, 28, 50, 8, 40]","[4, 0, 5, 0, 5, 0, 2, 3, 5, 2, 0, 0, 2, 5, 4, 0, 5]"
2025-01-18 09:30:04.804342,‚úàÔªø‚úàÔªø‚úà Galactic Trendsetters ‚úàÔªø‚úàÔªø‚úà,"[37, 53, 31, 43, 11, 46, 16, 25, 4, 13, 34, 18, 7, 28, 50, 8, 40]","[0, 0, 5, 1, 0, 0, 4, 0, 5, 3, 0, 4, 0, 3, 0, 3, 0]"
2025-01-18 09:30:04.875504,"Immoral, Illegal & Fattening","[37, 53, 31, 43, 11, 46, 16, 25, 4, 13, 34, 18, 7, 28, 50, 8, 40]","[5, 0, 4, 0, 1, 0, 5, 1, 5, 1, 5, 0, 0, 0, 5, 1, 0]"
2025-01-18 09:30:04.905029,Waffleha√ºs,"[37, 53, 31, 43, 11, 46, 16, 25, 4, 13, 34, 18, 7, 28, 50, 8, 40]","[0, 0, 5, 4, 4, 0, 0, 0, 0, 5, 1, 2, 0, 0, 1, 1, 2]"
2025-01-18 10:37:48.006377,NES,"[28, 53, 46, 24, 19, 20, 6, 3, 21, 11, 22, 18, 40, 4, 49, 33, 27]","[5, 0, 4, 1, 4, 5, 0, 5, 0, 5, 2, 4, 5, 0, 5, 0, 1]"
2025-01-18 10:37:48.028303,Central Services,"[28, 53, 46, 24, 19, 20, 6, 3, 21, 11, 22, 18, 40, 4, 49, 33, 27]","[5, 0, 4, 1, 1, 4, 0, 2, 0, 5, 0, 1, 5, 0, 0, 4, 0]"
2025-01-18 10:37:48.048466,"Immoral, Illegal & Fattening","[28, 53, 46, 24, 19, 20, 6, 3, 21, 11, 22, 18, 40, 4, 49, 33, 27]","[5, 0, 4, 0, 5, 5, 3, 5, 2, 0, 2, 4, 5, 5, 2, 2, 2]"
2025-01-18 10:37:48.067722,The Team That Is Now Named Later,"[28, 53, 46, 24, 19, 20, 6, 3, 21, 11, 22, 18, 40, 4, 49, 33, 27]","[5, 0, 0, 4, 2, 5, 2, 2, 1, 4, 0, 1, 0, 5, 3, 0, 0]"
2025-01-18 10:37:48.087322,Waffleha√ºs,"[28, 53, 46, 24, 19, 20, 6, 3, 21, 11, 22, 18, 40, 4, 49, 33, 27]","[4, 0, 4, 0, 0, 0, 1, 0, 0, 3, 5, 1, 5, 5, 2, 1, 0]"
2025-01-18 10:37:48.105803,Libra Complexity,"[28, 53, 46, 24, 19, 20, 6, 3, 21, 11, 22, 18, 40, 4, 49, 33, 27]","[2, 0, 0, 0, 4, 0, 0, 0, 1, 1, 0, 0, 2, 0, 0, 1, 0]"
2025-01-18 10:37:48.125568,‚úàÔªø‚úàÔªø‚úà Galactic Trendsetters ‚úàÔªø‚úàÔªø‚úà,"[28, 53, 46, 24, 19, 20, 6, 3, 21, 11, 22, 18, 40, 4, 49, 33, 27]","[2, 0, 4, 2, 4, 0, 0, 5, 3, 5, 0, 1, 5, 5, 5, 3, 0]"
2025-01-18 10:37:48.144523,Amateur Hour,"[28, 53, 46, 24, 19, 20, 6, 3, 21, 11, 22, 18, 40, 4, 49, 33, 27]","[5, 0, 1, 3, 0, 4, 0, 3, 0, 2, 1, 1, 0, 0, 0, 0, 0]"
2025-01-18 11:39:35.605257,Cardinality,"[17, 15, 22, 1, 20, 49, 46, 35, 25, 50, 32, 8, 36, 11, 7, 42, 14]","[0, 2, 1, 2, 3, 0, 0, 1, 1, 0, 0, 0, 0, 0, 1, 2, 0]"
2025-01-18 11:39:35.633561,The Team That Is Now Named Later,"[17, 15, 22, 1, 20, 49, 46, 35, 25, 50, 32, 8, 36, 11, 7, 42, 14]","[5, 1, 3, 0, 5, 0, 4, 1, 3, 4, 1, 2, 0, 4, 1, 5, 3]"
2025-01-18 11:39:35.660422,‚õé UNICODE EQUIVALENCE,"[17, 15, 22, 1, 20, 49, 46, 35, 25, 50, 32, 8, 36, 11, 7, 42, 14]","[2, 4, 0, 0, 5, 4, 0, 1, 3, 0, 1, 0, 0, 0, 0, 0, 0]"
2025-01-18 11:39:35.68708,The Lexingtons,"[17, 15, 22, 1, 20, 49, 46, 35, 25, 50, 32, 8, 36, 11, 7, 42, 14]","[0, 5, 5, 2, 5, 0, 0, 0, 1, 0, 0, 3, 0, 0, 0, 2, 2]"
2025-01-18 11:39:35.713709,NES,"[17, 15, 22, 1, 20, 49, 46, 35, 25, 50, 32, 8, 36, 11, 7, 42, 14]","[5, 4, 5, 4, 5, 3, 3, 0, 1, 1, 3, 1, 5, 4, 0, 1, 0]"
2025-01-18 11:39:35.738889,Super Team Awesome,"[17, 15, 22, 1, 20, 49, 46, 35, 25, 50, 32, 8, 36, 11, 7, 42, 14]","[5, 1, 3, 4, 5, 1, 4, 1, 3, 0, 1, 2, 0, 1, 1, 5, 3]"
2025-01-18 11:39:35.762996,Codex Calixtinus,"[17, 15, 22, 1, 20, 49, 46, 35, 25, 50, 32, 8, 36, 11, 7, 42, 14]","[5, 0, 0, 4, 0, 2, 0, 1, 1, 1, 0, 5, 3, 5, 0, 0, 1]"
2025-01-18 11:39:35.791577,Grad Unified Theory,"[17, 15, 22, 1, 20, 49, 46, 35, 25, 50, 32, 8, 36, 11, 7, 42, 14]","[0, 3, 3, 5, 0, 3, 0, 0, 1, 1, 3, 1, 0, 4, 0, 2, 0]"
2025-01-18 11:39:35.817122,I'm not a planet either,"[17, 15, 22, 1, 20, 49, 46, 35, 25, 50, 32, 8, 36, 11, 7, 42, 14]","[0, 5, 0, 0, 0, 0, 0, 1, 1, 0, 0, 3, 0, 1, 0, 0, 0]"
2025-01-18 11:39:35.83684,Random Puzzle Order,"[17, 15, 22, 1, 20, 49, 46, 35, 25, 50, 32, 8, 36, 11, 7, 42, 14]","[2, 5, 5, 3, 5, 0, 0, 0, 0, 0, 1, 0, 1, 0, 0, 0, 0]"
2025-01-18 12:32:06.510591,Quarantine Decrypters,"[34, 54, 20, 51, 44, 48, 13, 24, 17, 22, 10, 33, 31, 16, 45, 25, 43]","[3, 1, 0, 0, 0, 0, 1, 0, 2, 2, 0, 0, 4, 4, 0, 0, 2]"
2025-01-18 12:32:06.542951,Cardinality,"[34, 54, 20, 51, 44, 48, 13, 24, 17, 22, 10, 33, 31, 16, 45, 25, 43]","[3, 0, 5, 5, 1, 5, 4, 1, 0, 1, 0, 2, 5, 5, 1, 0, 1]"
2025-01-18 12:32:06.570364,I'm not a planet either,"[34, 54, 20, 51, 44, 48, 13, 24, 17, 22, 10, 33, 31, 16, 45, 25, 43]","[2, 0, 4, 0, 0, 5, 1, 0, 0, 0, 0, 0, 3, 1, 0, 0, 0]"
2025-01-18 12:32:06.595911,Shower Pomelo üçà,"[34, 54, 20, 51, 44, 48, 13, 24, 17, 22, 10, 33, 31, 16, 45, 25, 43]","[2, 1, 0, 0, 1, 0, 1, 0, 0, 1, 0, 1, 4, 0, 0, 0, 3]"
2025-01-18 12:32:06.623338,Central Services,"[34, 54, 20, 51, 44, 48, 13, 24, 17, 22, 10, 33, 31, 16, 45, 25, 43]","[3, 0, 5, 0, 0, 0, 0, 1, 2, 5, 5, 1, 3, 5, 0, 1, 2]"
2025-01-18 12:32:06.650095,Control Group,"[34, 54, 20, 51, 44, 48, 13, 24, 17, 22, 10, 33, 31, 16, 45, 25, 43]","[1, 1, 0, 5, 0, 5, 1, 0, 1, 2, 0, 1, 5, 4, 1, 0, 1]"
2025-01-18 12:32:06.679613,‚õé UNICODE EQUIVALENCE,"[34, 54, 20, 51, 44, 48, 13, 24, 17, 22, 10, 33, 31, 16, 45, 25, 43]","[0, 1, 5, 0, 1, 2, 1, 1, 0, 1, 5, 0, 4, 3, 0, 0, 1]"
2025-01-18 12:32:06.721933,Plane Tickets are Expensive,"[34, 54, 20, 51, 44, 48, 13, 24, 17, 22, 10, 33, 31, 16, 45, 25, 43]","[0, 0, 0, 0, 0, 1, 3, 0, 2, 4, 0, 0, 5, 5, 0, 0, 1]"
2025-01-18 12:32:06.747037,Codex Calixtinus,"[34, 54, 20, 51, 44, 48, 13, 24, 17, 22, 10, 33, 31, 16, 45, 25, 43]","[4, 0, 5, 0, 1, 3, 4, 2, 5, 0, 0, 3, 1, 3, 1, 5, 4]"
2025-01-18 12:32:06.767536,Metaphysical Plant,"[34, 54, 20, 51, 44, 48, 13, 24, 17, 22, 10, 33, 31, 16, 45, 25, 43]","[3, 0, 4, 5, 0, 1, 0, 1, 2, 0, 0, 1, 5, 5, 0, 1, 0]"
2025-01-18 12:32:06.794123,ManateeM,"[34, 54, 20, 51, 44, 48, 13, 24, 17, 22, 10, 33, 31, 16, 45, 25, 43]","[2, 2, 5, 0, 1, 3, 2, 1, 0, 2, 0, 1, 0, 4, 1, 0, 0]"
2025-01-18 13:28:24.212744,The Moment I Knew,"[13, 38, 29, 25, 1, 10, 47, 33, 24, 16, 37, 45, 53, 34, 41, 20, 43]","[4, 0, 0, 0, 0, 0, 0, 0, 0, 0, 0, 1, 3, 0, 0, 1, 2]"
2025-01-18 13:28:24.241029,‚òÉ,"[13, 38, 29, 25, 1, 10, 47, 33, 24, 16, 37, 45, 53, 34, 41, 20, 43]","[4, 0, 0, 1, 0, 0, 1, 0, 4, 0, 5, 0, 0, 5, 0, 3, 5]"
2025-01-18 13:28:24.265523,Occam's Depilatory Gel,"[13, 38, 29, 25, 1, 10, 47, 33, 24, 16, 37, 45, 53, 34, 41, 20, 43]","[2, 0, 2, 1, 0, 0, 0, 0, 0, 0, 0, 3, 0, 0, 0, 4, 0]"
2025-01-18 13:28:24.287878,I'm not a planet either,"[13, 38, 29, 25, 1, 10, 47, 33, 24, 16, 37, 45, 53, 34, 41, 20, 43]","[1, 0, 0, 3, 0, 0, 2, 2, 1, 5, 0, 0, 0, 0, 0, 2, 0]"
2025-01-18 13:28:24.312138,‚õé UNICODE EQUIVALENCE,"[13, 38, 29, 25, 1, 10, 47, 33, 24, 16, 37, 45, 53, 34, 41, 20, 43]","[2, 0, 3, 1, 3, 5, 0, 2, 0, 5, 0, 1, 0, 5, 0, 5, 1]"
2025-01-18 13:28:24.33979,Ange Management,"[13, 38, 29, 25, 1, 10, 47, 33, 24, 16, 37, 45, 53, 34, 41, 20, 43]","[2, 0, 2, 1, 5, 0, 4, 0, 1, 3, 0, 4, 0, 1, 5, 4, 1]"
2025-01-18 14:46:19.631546,17th Shard,"[10, 33, 31, 5, 22, 47, 0, 2, 19, 8, 16, 21, 14, 45, 7, 18, 32]","[4, 0, 5, 1, 0, 3, 0, 0, 5, 3, 0, 1, 0, 2, 1, 0, 0]"
2025-01-18 14:46:19.650392,Control Group,"[10, 33, 31, 5, 22, 47, 0, 2, 19, 8, 16, 21, 14, 45, 7, 18, 32]","[4, 3, 5, 5, 5, 0, 0, 0, 0, 1, 4, 0, 0, 3, 0, 4, 0]"
2025-01-18 14:46:19.677275,All the World's a Rage,"[10, 33, 31, 5, 22, 47, 0, 2, 19, 8, 16, 21, 14, 45, 7, 18, 32]","[2, 2, 2, 3, 3, 1, 0, 4, 3, 1, 0, 4, 0, 0, 4, 0, 2]"
2025-01-18 14:46:19.698046,The Moment I Knew,"[10, 33, 31, 5, 22, 47, 0, 2, 19, 8, 16, 21, 14, 45, 7, 18, 32]","[0, 1, 2, 1, 0, 3, 5, 1, 2, 1, 1, 0, 0, 0, 4, 1, 2]"
2025-01-18 14:46:19.716353,Central Services,"[10, 33, 31, 5, 22, 47, 0, 2, 19, 8, 16, 21, 14, 45, 7, 18, 32]","[5, 4, 5, 5, 5, 4, 5, 5, 2, 1, 4, 4, 0, 0, 0, 0, 2]"
2025-01-18 14:46:19.734422,Metaphysical Plant,"[10, 33, 31, 5, 22, 47, 0, 2, 19, 8, 16, 21, 14, 45, 7, 18, 32]","[5, 3, 5, 4, 5, 1, 0, 0, 5, 5, 5, 4, 0, 0, 2, 4, 1]"
2025-01-18 14:46:19.752305,Occam's Depilatory Gel,"[10, 33, 31, 5, 22, 47, 0, 2, 19, 8, 16, 21, 14, 45, 7, 18, 32]","[4, 2, 0, 5, 2, 3, 1, 3, 1, 5, 0, 0, 2, 1, 2, 0, 0]"
2025-01-18 14:46:19.770777,Random Puzzle Order,"[10, 33, 31, 5, 22, 47, 0, 2, 19, 8, 16, 21, 14, 45, 7, 18, 32]","[1, 0, 2, 3, 0, 4, 0, 5, 5, 1, 4, 0, 0, 0, 0, 2, 5]"
2025-01-18 14:46:19.787887,I'm not a planet either,"[10, 33, 31, 5, 22, 47, 0, 2, 19, 8, 16, 21, 14, 45, 7, 18, 32]","[5, 3, 4, 3, 5, 4, 0, 4, 3, 0, 5, 0, 2, 2, 0, 2, 2]"
2025-01-18 14:46:19.805765,Singles Ready to Stay Inside,"[10, 33, 31, 5, 22, 47, 0, 2, 19, 8, 16, 21, 14, 45, 7, 18, 32]","[0, 1, 3, 3, 3, 4, 5, 0, 5, 0, 3, 0, 0, 1, 1, 1, 0]"
2025-01-18 15:34:56.948354,‚òÉ,"[42, 46, 20, 48, 31, 22, 37, 51, 8, 44, 53, 18, 54, 13, 6, 25, 40]","[0, 0, 0, 0, 5, 0, 5, 0, 0, 0, 0, 1, 1, 4, 0, 3, 0]"
2025-01-18 15:34:56.969151,ManateeM,"[42, 46, 20, 48, 31, 22, 37, 51, 8, 44, 53, 18, 54, 13, 6, 25, 40]","[0, 0, 5, 1, 0, 1, 0, 0, 1, 0, 0, 5, 0, 4, 0, 1, 2]"
2025-01-18 15:34:56.986486,The Moment I Knew,"[42, 46, 20, 48, 31, 22, 37, 51, 8, 44, 53, 18, 54, 13, 6, 25, 40]","[0, 3, 0, 0, 5, 5, 5, 0, 3, 3, 0, 2, 0, 3, 1, 2, 0]"
2025-01-18 15:34:57.008917,Stumped and Furious,"[42, 46, 20, 48, 31, 22, 37, 51, 8, 44, 53, 18, 54, 13, 6, 25, 40]","[0, 1, 2, 5, 0, 0, 0, 0, 3, 0, 0, 2, 0, 2, 2, 0, 0]"
2025-01-18 15:34:57.026318,Random Puzzle Order,"[42, 46, 20, 48, 31, 22, 37, 51, 8, 44, 53, 18, 54, 13, 6, 25, 40]","[0, 0, 3, 5, 5, 0, 0, 0, 3, 0, 0, 1, 2, 1, 0, 0, 1]"
2025-01-18 15:34:57.046498,Libra Complexity,"[42, 46, 20, 48, 31, 22, 37, 51, 8, 44, 53, 18, 54, 13, 6, 25, 40]","[0, 0, 0, 0, 3, 3, 0, 0, 0, 3, 0, 4, 0, 5, 4, 1, 5]"
2025-01-18 16:40:36.70341,Libra Complexity,"[44, 41, 46, 16, 27, 51, 37, 26, 10, 2, 49, 17, 15, 4, 45, 24, 25]","[0, 0, 3, 0, 0, 0, 0, 0, 0, 0, 1, 0, 0, 0, 0, 1, 0]"
2025-01-18 16:40:36.729737,Space Needle in a Haystack,"[44, 41, 46, 16, 27, 51, 37, 26, 10, 2, 49, 17, 15, 4, 45, 24, 25]","[0, 0, 3, 0, 1, 0, 0, 0, 4, 5, 0, 0, 0, 0, 0, 2, 1]"
2025-01-18 16:40:36.774055,Black Dynamite,"[44, 41, 46, 16, 27, 51, 37, 26, 10, 2, 49, 17, 15, 4, 45, 24, 25]","[0, 1, 0, 5, 1, 5, 5, 0, 0, 0, 0, 0, 5, 0, 2, 0, 1]"
2025-01-18 16:40:36.792633,Occam's Depilatory Gel,"[44, 41, 46, 16, 27, 51, 37, 26, 10, 2, 49, 17, 15, 4, 45, 24, 25]","[0, 0, 0, 4, 2, 0, 5, 2, 4, 3, 0, 0, 5, 0, 2, 1, 3]"
2025-01-18 16:40:36.841758,ladderdogs,"[44, 41, 46, 16, 27, 51, 37, 26, 10, 2, 49, 17, 15, 4, 45, 24, 25]","[0, 0, 0, 4, 1, 4, 0, 1, 0, 2, 0, 0, 2, 0, 1, 1, 3]"
2025-01-18 16:40:36.860048,Stumped and Furious,"[44, 41, 46, 16, 27, 51, 37, 26, 10, 2, 49, 17, 15, 4, 45, 24, 25]","[1, 0, 0, 0, 0, 0, 5, 0, 0, 2, 2, 0, 0, 0, 0, 0, 0]"
2025-01-18 16:40:36.888051,Spore Giant,"[44, 41, 46, 16, 27, 51, 37, 26, 10, 2, 49, 17, 15, 4, 45, 24, 25]","[0, 0, 3, 1, 0, 0, 0, 1, 0, 2, 0, 0, 3, 0, 0, 0, 0]"
2025-01-18 17:47:14.695728,Real Thieves Nabbing Paintings,"[31, 30, 34, 15, 26, 21, 27, 11, 29, 37, 16, 6, 4, 28, 40, 24, 8]","[3, 0, 0, 5, 0, 0, 1, 0, 2, 0, 0, 3, 0, 2, 0, 0, 0]"
2025-01-18 17:47:14.74976,Small Llama Malls,"[31, 30, 34, 15, 26, 21, 27, 11, 29, 37, 16, 6, 4, 28, 40, 24, 8]","[4, 1, 2, 4, 4, 1, 1, 0, 1, 0, 5, 3, 1, 3, 2, 1, 3]"
2025-01-18 17:47:14.83323,Vaguely Eloquent Team,"[31, 30, 34, 15, 26, 21, 27, 11, 29, 37, 16, 6, 4, 28, 40, 24, 8]","[5, 0, 0, 2, 4, 0, 0, 0, 1, 0, 3, 0, 0, 2, 0, 1, 3]"
2025-01-18 17:47:14.861325,17th Shard,"[31, 30, 34, 15, 26, 21, 27, 11, 29, 37, 16, 6, 4, 28, 40, 24, 8]","[3, 1, 0, 4, 0, 0, 0, 0, 3, 0, 0, 0, 0, 3, 0, 2, 1]"
2025-01-18 17:47:14.889137,Donner Party,"[31, 30, 34, 15, 26, 21, 27, 11, 29, 37, 16, 6, 4, 28, 40, 24, 8]","[4, 0, 2, 0, 1, 0, 0, 0, 3, 0, 0, 0, 0, 1, 0, 1, 2]"
2025-01-18 17:47:14.914608,All the World's a Rage,"[31, 30, 34, 15, 26, 21, 27, 11, 29, 37, 16, 6, 4, 28, 40, 24, 8]","[5, 0, 0, 5, 4, 1, 0, 4, 0, 0, 3, 0, 0, 4, 5, 1, 1]"
2025-01-18 17:47:14.951306,seep susan,"[31, 30, 34, 15, 26, 21, 27, 11, 29, 37, 16, 6, 4, 28, 40, 24, 8]","[0, 0, 0, 2, 4, 0, 0, 0, 2, 0, 4, 0, 0, 4, 0, 1, 3]"
2025-01-18 17:47:14.994931,dootdoot,"[31, 30, 34, 15, 26, 21, 27, 11, 29, 37, 16, 6, 4, 28, 40, 24, 8]","[1, 1, 0, 4, 0, 2, 0, 1, 1, 0, 3, 3, 0, 0, 0, 1, 2]"
2025-01-18 17:47:15.01871,‚òÉ,"[31, 30, 34, 15, 26, 21, 27, 11, 29, 37, 16, 6, 4, 28, 40, 24, 8]","[5, 0, 5, 0, 4, 0, 1, 0, 4, 5, 1, 4, 0, 5, 2, 2, 5]"
2025-01-18 17:47:15.034515,Random Puzzle Order,"[31, 30, 34, 15, 26, 21, 27, 11, 29, 37, 16, 6, 4, 28, 40, 24, 8]","[5, 0, 0, 5, 5, 1, 0, 5, 4, 5, 3, 0, 0, 0, 5, 2, 1]"
2025-01-18 17:47:15.050367,Occam's Depilatory Gel,"[31, 30, 34, 15, 26, 21, 27, 11, 29, 37, 16, 6, 4, 28, 40, 24, 8]","[5, 3, 5, 2, 4, 1, 1, 0, 4, 5, 5, 1, 0, 3, 0, 1, 5]"
2025-01-18 17:47:15.090151,Sleipnir's Wranglers,"[31, 30, 34, 15, 26, 21, 27, 11, 29, 37, 16, 6, 4, 28, 40, 24, 8]","[4, 0, 0, 5, 0, 0, 0, 0, 0, 0, 3, 0, 0, 4, 0, 2, 1]"
2025-01-18 18:56:00.850041,‚ÑôoNDeterministic,"[27, 10, 34, 23, 33, 3, 5, 2, 6, 12, 11, 40, 24, 51, 18, 17, 42]","[1, 0, 1, 0, 1, 2, 0, 0, 0, 0, 0, 1, 0, 0, 1, 2, 2]"
2025-01-18 18:56:00.881348,Quarantine Decrypters,"[27, 10, 34, 23, 33, 3, 5, 2, 6, 12, 11, 40, 24, 51, 18, 17, 42]","[1, 0, 0, 0, 3, 0, 1, 0, 0, 0, 2, 0, 4, 0, 0, 0, 0]"
2025-01-18 18:56:00.916028,Waffleha√ºs,"[27, 10, 34, 23, 33, 3, 5, 2, 6, 12, 11, 40, 24, 51, 18, 17, 42]","[2, 0, 3, 5, 1, 2, 3, 5, 1, 0, 5, 0, 0, 5, 1, 5, 2]"
2025-01-18 18:56:01.009838,17th Shard,"[27, 10, 34, 23, 33, 3, 5, 2, 6, 12, 11, 40, 24, 51, 18, 17, 42]","[1, 0, 0, 0, 0, 0, 4, 3, 0, 0, 5, 0, 0, 0, 1, 2, 0]"
2025-01-18 18:56:01.039023,Space Needle in a Haystack,"[27, 10, 34, 23, 33, 3, 5, 2, 6, 12, 11, 40, 24, 51, 18, 17, 42]","[0, 5, 2, 0, 1, 0, 0, 5, 4, 0, 0, 0, 4, 0, 2, 5, 1]"
2025-01-18 18:56:01.054822,Black Dynamite,"[27, 10, 34, 23, 33, 3, 5, 2, 6, 12, 11, 40, 24, 51, 18, 17, 42]","[0, 0, 1, 4, 0, 3, 2, 5, 1, 0, 5, 0, 0, 0, 2, 0, 0]"
2025-01-18 18:56:01.08845,Society of Enigmatic Spirits,"[27, 10, 34, 23, 33, 3, 5, 2, 6, 12, 11, 40, 24, 51, 18, 17, 42]","[0, 0, 0, 0, 1, 0, 3, 1, 1, 0, 5, 0, 1, 0, 0, 2, 0]"
2025-01-18 18:56:01.112617,Libra Complexity,"[27, 10, 34, 23, 33, 3, 5, 2, 6, 12, 11, 40, 24, 51, 18, 17, 42]","[1, 2, 3, 0, 0, 0, 4, 0, 4, 0, 0, 5, 4, 0, 2, 4, 2]"
2025-01-18 18:56:01.132803,Random Puzzle Order,"[27, 10, 34, 23, 33, 3, 5, 2, 6, 12, 11, 40, 24, 51, 18, 17, 42]","[1, 5, 1, 4, 1, 1, 5, 5, 5, 0, 5, 5, 2, 0, 1, 5, 5]"
2025-01-18 18:56:01.152231,Occam's Depilatory Gel,"[27, 10, 34, 23, 33, 3, 5, 2, 6, 12, 11, 40, 24, 51, 18, 17, 42]","[3, 4, 5, 0, 0, 0, 5, 5, 0, 1, 5, 0, 2, 5, 0, 1, 2]"
2025-01-18 19:24:40.641489,Space Needle in a Haystack,"[42, 32, 22, 6, 47, 4, 1, 34, 53, 17, 19, 35, 9, 28, 44, 46, 43]","[0, 0, 0, 3, 0, 5, 3, 1, 0, 5, 4, 0, 0, 0, 2, 4, 0]"
2025-01-18 19:24:40.681624,ÂñµÂñµÂñµ,"[42, 32, 22, 6, 47, 4, 1, 34, 53, 17, 19, 35, 9, 28, 44, 46, 43]","[5, 3, 2, 5, 3, 0, 3, 0, 0, 1, 4, 0, 1, 4, 0, 0, 1]"
2025-01-18 19:24:40.69917,Random Puzzle Order,"[42, 32, 22, 6, 47, 4, 1, 34, 53, 17, 19, 35, 9, 28, 44, 46, 43]","[5, 2, 5, 5, 4, 5, 4, 2, 0, 5, 5, 2, 3, 3, 1, 4, 0]"
2025-01-18 20:26:50.464934,Shower Pomelo üçà,"[4, 30, 13, 31, 36, 41, 53, 32, 26, 7, 12, 18, 0, 10, 37, 54, 22]","[0, 3, 1, 0, 1, 5, 0, 2, 0, 0, 1, 4, 1, 0, 0, 0, 0]"
2025-01-18 20:26:50.485702,PERSON NAME OVERWATCH PLAYER COLORFUL DESCRIPTOR ENDEARING MONIKER DUBIOUS ACCOMPLISHMENT ONLINE HANDLE HAPPY BIRTHDAY DENNIS ANIME GIRL #1 FAN + friends,"[4, 30, 13, 31, 36, 41, 53, 32, 26, 7, 12, 18, 0, 10, 37, 54, 22]","[0, 1, 2, 3, 1, 0, 0, 0, 5, 0, 0, 0, 1, 0, 0, 0, 1]"
2025-01-18 21:30:04.844455,Grad Unified Theory,"[39, 4, 54, 24, 52, 22, 18, 27, 42, 34, 19, 33, 10, 37, 8, 1, 31]","[1, 0, 0, 0, 0, 3, 1, 0, 0, 1, 5, 1, 0, 0, 3, 4, 5]"
2025-01-18 21:30:04.893251,PERSON NAME OVERWATCH PLAYER COLORFUL DESCRIPTOR ENDEARING MONIKER DUBIOUS ACCOMPLISHMENT ONLINE HANDLE HAPPY BIRTHDAY DENNIS ANIME GIRL #1 FAN + friends,"[39, 4, 54, 24, 52, 22, 18, 27, 42, 34, 19, 33, 10, 37, 8, 1, 31]","[0, 0, 0, 1, 0, 5, 1, 0, 5, 1, 4, 1, 0, 0, 5, 0, 4]"
2025-01-18 21:30:04.988253,Black Dynamite,"[39, 4, 54, 24, 52, 22, 18, 27, 42, 34, 19, 33, 10, 37, 8, 1, 31]","[1, 0, 2, 2, 0, 1, 1, 0, 0, 1, 3, 0, 5, 5, 3, 1, 5]"
2025-01-18 21:30:05.089239,Space Needle in a Haystack,"[39, 4, 54, 24, 52, 22, 18, 27, 42, 34, 19, 33, 10, 37, 8, 1, 31]","[0, 5, 1, 1, 0, 2, 0, 1, 1, 1, 0, 0, 5, 5, 2, 0, 5]"
2025-01-18 22:32:59.875269,Puzzkill,"[20, 16, 10, 46, 28, 33, 45, 18, 27, 53, 8, 6, 47, 17, 49, 29, 34]","[2, 0, 0, 0, 3, 0, 0, 1, 0, 0, 1, 0, 0, 0, 0, 0, 0]"
2025-01-18 22:32:59.935168,Team Unseen,"[20, 16, 10, 46, 28, 33, 45, 18, 27, 53, 8, 6, 47, 17, 49, 29, 34]","[5, 0, 0, 0, 1, 0, 0, 1, 0, 0, 1, 0, 3, 1, 0, 2, 0]"
2025-01-18 22:32:59.955419,Black Dynamite,"[20, 16, 10, 46, 28, 33, 45, 18, 27, 53, 8, 6, 47, 17, 49, 29, 34]","[5, 4, 0, 0, 4, 0, 2, 1, 0, 0, 3, 1, 0, 0, 0, 1, 1]"
2025-01-18 22:33:00.002064,Sleipnir's Wranglers,"[20, 16, 10, 46, 28, 33, 45, 18, 27, 53, 8, 6, 47, 17, 49, 29, 34]","[4, 4, 0, 0, 5, 1, 0, 2, 0, 0, 0, 5, 0, 0, 0, 2, 5]"
2025-01-18 23:26:26.621795,Black Dynamite,"[45, 49, 8, 5, 34, 1, 4, 43, 19, 38, 25, 6, 37, 2, 24, 41, 28]","[1, 2, 4, 2, 1, 0, 0, 2, 5, 0, 0, 5, 0, 5, 1, 0, 4]"
2025-01-18 23:26:26.65461,Space Needle in a Haystack,"[45, 49, 8, 5, 34, 1, 4, 43, 19, 38, 25, 6, 37, 2, 24, 41, 28]","[0, 2, 1, 0, 5, 0, 5, 2, 2, 0, 0, 4, 5, 5, 1, 0, 5]"
2025-01-18 23:26:26.710946,Singles Ready to Stay Inside,"[45, 49, 8, 5, 34, 1, 4, 43, 19, 38, 25, 6, 37, 2, 24, 41, 28]","[0, 1, 5, 2, 1, 3, 1, 2, 5, 0, 0, 2, 0, 0, 0, 0, 1]"
2025-01-19 00:27:54.519632,Space Needle in a Haystack,"[24, 38, 49, 41, 13, 3, 37, 5, 28, 51, 36, 10, 33, 22, 25, 50, 45]","[4, 3, 1, 0, 2, 0, 5, 0, 5, 0, 0, 5, 3, 5, 3, 2, 0]"
2025-01-19 00:27:54.544816,Singles Ready to Stay Inside,"[24, 38, 49, 41, 13, 3, 37, 5, 28, 51, 36, 10, 33, 22, 25, 50, 45]","[1, 0, 1, 0, 2, 0, 1, 0, 3, 0, 0, 0, 0, 2, 0, 0, 0]"
2025-01-19 12:23:33.165944,Plane Tickets are Expensive,"[21, 53, 31, 7, 49, 3, 51, 22, 8, 46, 44, 28, 23, 2, 38, 41, 4]","[0, 3, 0, 0, 3, 0, 3, 0, 0, 0, 0, 1, 3, 0, 0, 0, 0]"
2025-01-19 12:31:48.20754,Plane Tickets are Expensive,"[34, 51, 46, 31, 10, 29, 2, 42, 54, 12, 52, 39, 38, 50, 44, 4, 21]","[3, 4, 2, 0, 1, 2, 2, 1, 4, 2, 4, 1, 0, 4, 2, 2, 3]"
