timestamp,slug
2025-01-17 17:14:59.01773,an_argument
2025-01-17 17:14:59.01773,chatgpt
2025-01-17 17:14:59.01773,downright_backwards
2025-01-17 17:14:59.01773,educational_rite_of_passage
2025-01-17 17:14:59.01773,missing_connections
2025-01-17 17:14:59.01773,shrinkage
2025-01-17 17:14:59.01773,songs_on_the_radio
2025-01-17 17:14:59.01773,unreal_islands
2025-01-17 17:14:59.01773,xoxo
2025-01-17 17:14:59.01773,zulu_lima
2025-01-17 18:15:53.249404,üìëüçù
2025-01-17 18:15:53.249404,battle_factory
2025-01-17 18:15:53.249404,introduction_to_decryption
2025-01-17 20:40:42.243073,drunkens_and_flagons
2025-01-17 23:39:27.936452,üîéüßä
2025-01-17 23:39:27.936452,check_a_deez_words_out
2025-01-17 23:39:27.936452,mastering_the_art_of_conch_frocking
2025-01-17 23:39:27.936452,mitropolitan_house_of_fashion
2025-01-17 23:39:27.936452,press_play
2025-01-17 23:39:27.936452,zing_it_again
2025-01-18 06:15:37.346893,in_a_different_direction
2025-01-18 06:15:37.346893,neatly_drawn
2025-01-18 06:15:37.346893,on_the_corner
2025-01-18 06:15:37.346893,they_might_be_grad_students_but_theyve_got_your_number
2025-01-18 06:17:28.529593,be_kind_rewind
2025-01-18 06:17:28.529593,dropping_the_ball
2025-01-18 06:17:28.529593,no_notes
2025-01-18 06:17:28.529593,synthetic_tagsonomy
2025-01-18 07:12:15.371199,the_boardwalk
2025-01-18 07:12:15.371199,the_jewelry_store
2025-01-18 07:12:15.371199,the_casino
2025-01-18 07:12:15.371199,the_art_gallery
2025-01-18 15:30:27.53442,making_contact_with_an_informant
2025-01-18 15:30:27.53442,tailing_a_lead
2025-01-18 20:14:14.985393,art_history
2025-01-18 20:14:27.570298,estimation_dot_jpg
2025-01-18 20:09:17.472101,in_communicado_tonight
2025-01-19 05:20:01.194693,an_exchange_of_vows
2025-01-19 05:20:01.194693,anything_is_popsicle
2025-01-19 05:20:01.194693,broken_record
2025-01-19 05:20:01.194693,just_plane_wrong
2025-01-19 05:20:01.194693,mellow_planet
2025-01-19 05:20:01.194693,recipe_substitutions
2025-01-19 05:20:01.194693,relief_printing
2025-01-19 05:20:01.194693,superlatives
2025-01-19 05:20:01.194693,the_ultimate_insult
2025-01-19 05:20:01.194693,word_yore
2025-01-19 05:20:49.183564,knights_of_the_square_table
2025-01-19 05:20:49.183564,story_vision_contest
2025-01-19 05:20:49.183564,formula_won
2025-01-19 05:22:13.45558,engagements_and_other_crimes
2025-01-19 05:22:13.45558,garden_anecdotes
2025-01-19 05:22:13.45558,give_this_grid_a_shake
2025-01-19 05:22:13.45558,good_fences_make_good_otherwise_incompatible_neighbors
2025-01-19 05:22:13.45558,what_do_they_call_you
2025-01-19 05:21:30.490496,and_now_a_puzzling_word_from_our_sponsors
2025-01-19 05:21:30.490496,eponymous_forensic_accountant
2025-01-19 05:21:30.490496,incognito
2025-01-19 05:23:49.214239,a_puzzle_of_the_dead
2025-01-19 05:23:49.214239,cross_spread
2025-01-19 05:23:49.214239,paw_print_detective
2025-01-19 05:23:49.214239,this_is_just_a_test
2025-01-19 05:23:49.214239,ÁöáÂ∏ù„ÅÆÊöóÂè∑
2025-01-19 05:43:24.732334,the_thief
2025-01-19 15:10:19.442582,a_badly_broken_quote
2025-01-19 15:10:19.442582,a_math_quiz
2025-01-19 15:10:19.442582,a_recipe_for_success
2025-01-19 15:10:19.442582,a_sudoku
2025-01-19 15:10:19.442582,a_walk_in_the_park
2025-01-19 15:10:19.442582,be_mine
2025-01-19 15:10:19.442582,big_names
2025-01-19 15:10:19.442582,borderline_personality
2025-01-19 15:10:19.442582,charged
2025-01-19 15:10:19.442582,commentary
2025-01-19 15:10:19.442582,control_room
2025-01-19 15:10:19.442582,cruciverbal
2025-01-19 15:10:19.442582,dear_diary
2025-01-19 15:10:19.442582,doable_double
2025-01-19 15:10:19.442582,editors_solemnity
2025-01-19 15:10:19.442582,fight_night_at_mos
2025-01-19 15:10:19.442582,how_i_earned_my_gold_star
2025-01-19 15:10:19.442582,its_not_clear
2025-01-19 15:10:19.442582,just_fing_behave
2025-01-19 15:10:19.442582,lab_scrabble
2025-01-19 15:10:19.442582,magic_i
2025-01-19 15:10:19.442582,mens_at_my_nose
2025-01-19 15:10:19.442582,mystery_os
2025-01-19 15:10:19.442582,read_between_the_lines
2025-01-19 15:10:19.442582,seating_arrangements
2025-01-19 15:10:19.442582,sing_like_a_canary
2025-01-19 15:10:19.442582,some_assembly_required
2025-01-19 15:10:19.442582,taste_explosion
2025-01-19 15:10:19.442582,temporal_investigations
2025-01-19 15:10:19.442582,whose_song_is_it_anyway
2025-01-19 15:10:19.442582,why_kant_we_be_friends_too
2025-01-19 15:10:19.442582,chinatown
2025-01-19 15:10:19.442582,a_weathered_note
2025-01-19 15:10:19.442582,any_coat_will_do
2025-01-19 15:10:19.442582,bar_talk
2025-01-19 15:10:19.442582,chemicals_are_sexy
2025-01-19 15:10:19.442582,do_the_manual_calculations_dont_try_monte_carlo
2025-01-19 15:10:19.442582,follow_the_rules
2025-01-19 15:10:19.442582,his_life_story
2025-01-19 15:10:19.442582,maze_of_lies
2025-01-19 15:10:19.442582,star_crossed
2025-01-19 15:10:19.442582,the_eras_puzzle
2025-01-19 15:10:19.442582,the_inspectre
2025-01-19 15:10:19.442582,worlds_largest_crossword_puzzle
2025-01-19 15:10:19.442582,youre_playing_it_wrong
2025-01-19 15:10:19.442582,‡≤ï‡≤æ‡≤¨‡≤µ‡≤¶‡≥ã‡≥Ä‡≥ç
2025-01-19 15:10:19.442582,shell_corporation_1
2025-01-19 15:10:19.442582,shell_corporation_2
2025-01-19 15:10:19.442582,shell_corporation_3
2025-01-19 15:10:19.442582,shell_corporation_4
2025-01-19 15:10:19.442582,shell_corporation_5
2025-01-19 15:10:19.442582,shell_corporation_6
2025-01-19 15:10:19.442582,shell_corporation_7
2025-01-19 15:10:19.442582,shell_corporation_8
2025-01-19 15:10:19.442582,the_shell_game
2025-01-19 15:10:19.442582,he_shouldnt_have_eaten_the_apple
2025-01-19 15:10:19.442582,the_tunnels_beneath_the_institute
2025-01-19 15:10:19.442582,t____ott___p__y
2025-01-19 15:10:19.442582,the_10000_sheet_excel_file
2025-01-19 15:10:19.442582,kindred_spirits
2025-01-19 15:10:19.442582,deepfrost
2025-01-19 15:10:19.442582,reuse_and_recyclability
2025-01-19 15:10:19.442582,_land
2025-01-19 15:10:19.442582,where_am_i
2025-01-19 15:10:19.442582,celestial_rope
2025-01-19 15:10:19.442582,o_woe_is_me
2025-01-19 15:10:19.442582,the_mark
2025-01-19 15:10:19.442582,the_grand_illusion
2025-01-19 15:10:19.442582,the_oversight
2025-01-19 15:10:19.442582,alias
2025-01-19 15:10:19.442582,a_heap_of_clards
2025-01-19 15:10:19.442582,bermuda_triangle
2025-01-19 15:10:19.442582,cahfee_regulah
2025-01-19 15:10:19.442582,cahfee_regulah_blacklight
2025-01-19 15:10:19.442582,corn_maize
2025-01-19 15:10:19.442582,fechtbuch
2025-01-19 15:10:19.442582,given_up
2025-01-19 15:10:19.442582,given_up_blacklight
2025-01-19 15:10:19.442582,half_baked
2025-01-19 15:10:19.442582,jargon
2025-01-19 15:10:19.442582,jargon_blacklight
2025-01-19 15:10:19.442582,networking_event
2025-01-19 15:10:19.442582,passage_of_time
2025-01-19 15:10:19.442582,smoke_em_if_youve_got_em
2025-01-19 15:10:19.442582,smoke_em_if_youve_got_em_blacklight
2025-01-19 15:10:19.442582,the_annual_massachusetts_spelling_bee
2025-01-19 15:10:19.442582,the_center_is_in_plain_sight
2025-01-19 15:10:19.442582,the_center_is_in_plain_sight_blacklight
2025-01-19 15:10:19.442582,papas_bookcase
2025-01-19 15:10:19.442582,papas_stash
2025-01-19 15:10:19.442582,papas_bookcase_blacklight
2025-01-19 15:10:19.442582,a_dash_of_color
2025-01-19 15:10:19.442582,a_map_and_a_shade_or_four
2025-01-19 15:10:19.442582,absolutely_not_balderdash
2025-01-19 15:10:19.442582,abstract_art_and_poems_concerning_a_pale_blue_dot_and_many_more_friends
2025-01-19 15:10:19.442582,as_the_world_turandot
2025-01-19 15:10:19.442582,beyond_a_shadow_of_a_doubt
2025-01-19 15:10:19.442582,cacciando_trio_misterioso
2025-01-19 15:10:19.442582,can_do_transmissions
2025-01-19 15:10:19.442582,cross_dash_word
2025-01-19 15:10:19.442582,do_the_packing
2025-01-19 15:10:19.442582,find_other_ways_of_seeing
2025-01-19 15:10:19.442582,its_all_cheep_and_a_sheep_to_me
2025-01-19 15:10:19.442582,sounds_like_a_dodo_to_me
2025-01-19 15:10:19.442582,splits_used_as_history
2025-01-19 15:10:19.442582,to_do_tile_that_rectangle
2025-01-19 15:10:19.442582,we_can_do_this_all_day
2025-01-19 15:10:19.442582,weirdo_threaded_doodads
2025-01-19 15:10:19.442582,the_killer
2025-01-19 15:10:19.442582,navigating_high_society
2025-01-19 15:10:19.442582,seeing_the_big_picture
2025-01-19 15:10:19.442582,a_b_c_easy_as_1_2_3
2025-01-19 15:10:19.442582,hello_darkness_my_old_friend
2025-01-19 15:10:19.442582,infiltrating_the_criminal_underworld
2025-01-19 15:10:19.442582,re_infiltrating_the_criminal_underworld
2025-01-19 15:10:19.442582,the_comeback_it_takes_two
2025-01-19 15:10:19.442582,trainees_first_recital
2025-01-19 15:10:19.442582,wouthit_porbelm
